dataset,policy,view_role,view,task,model,split_type,n_train,n_val,n_test,n_features,seed,status,accuracy,macro_precision,macro_recall,macro_f1,weighted_f1,roc_auc,pr_auc,training_time_seconds,inference_time_per_sample_seconds,feature_family
MQTTEEB-D_flow_5s,audited_metadata_main,strict,strict_audited_metadata_main,binary,Logistic Regression,random_stratified,4794.0,1027.0,1028.0,1,42,ok,0.796692607003891,0.825923222142417,0.8256765236489136,0.7966924146205986,0.7966554770284389,0.892956310298847,0.9094878880307763,0.01023630000418052,1.7469844319730824e-06,packet_count_only
MQTTEEB-D_flow_5s,audited_metadata_main,strict,strict_audited_metadata_main,binary,Random Forest,random_stratified,4794.0,1027.0,1028.0,1,42,ok,0.8764591439688716,0.8778009971720292,0.8913836379323868,0.8755261649996234,0.8775388836748556,0.8951702094281905,0.9094708665383286,0.240246000001207,2.948132294951757e-05,packet_count_only
MQTTEEB-D_flow_5s,audited_metadata_main,strict,strict_audited_metadata_main,binary,Extra Trees,random_stratified,4794.0,1027.0,1028.0,1,42,ok,0.8754863813229572,0.8774460802132558,0.8909404659188956,0.8746088196167672,0.8765680271468659,0.8953800298062594,0.9099653467901165,0.14408729999559,4.814445524787211e-05,packet_count_only
MQTTEEB-D_flow_5s,audited_metadata_main,strict,strict_audited_metadata_main,binary,HistGradientBoostingClassifier,random_stratified,4794.0,1027.0,1028.0,1,42,ok,0.8764591439688716,0.8774032728800663,0.8910071378147306,0.8754834273244807,0.8775420822225363,0.8979116009098753,0.9150109466033514,0.4044714999909047,5.370233459230549e-06,packet_count_only
MQTTEEB-D_flow_5s,audited_metadata_main,strict,strict_audited_metadata_main,binary,Isolation Forest,random_stratified,4794.0,1027.0,1028.0,1,42,ok,0.8764591439688716,0.8774032728800663,0.8910071378147306,0.8754834273244807,0.8775420822225363,0.8930151384422308,0.9096207291921297,0.18061239999951795,8.787645914538397e-05,packet_count_only
MQTTEEB-D_flow_5s,audited_metadata_main,strict,strict_audited_metadata_main,binary,Logistic Regression,random_stratified,4794.0,1027.0,1028.0,5,42,ok,0.8472762645914397,0.8581975123106675,0.8682994744685858,0.8468994472496711,0.8483180537128,0.8932249588202996,0.9438891365751585,0.03073430000222288,3.0875486358665003e-06,byte_statistics_only
MQTTEEB-D_flow_5s,audited_metadata_main,strict,strict_audited_metadata_main,binary,Random Forest,random_stratified,4794.0,1027.0,1028.0,5,42,ok,0.8939688715953308,0.8905721990237687,0.9038787355871049,0.8925287472077634,0.8948523092448468,0.9185112557847673,0.9446953043712278,0.29301209999539424,3.2856517510102695e-05,byte_statistics_only
MQTTEEB-D_flow_5s,audited_metadata_main,strict,strict_audited_metadata_main,binary,Extra Trees,random_stratified,4794.0,1027.0,1028.0,5,42,ok,0.8929961089494164,0.8899528423478749,0.9034355635736135,0.8916160593792173,0.8939002793574777,0.9170621225194132,0.9417600835480908,0.14424430001236033,3.555943579721022e-05,byte_statistics_only
MQTTEEB-D_flow_5s,audited_metadata_main,strict,strict_audited_metadata_main,binary,HistGradientBoostingClassifier,random_stratified,4794.0,1027.0,1028.0,5,42,ok,0.8959143968871596,0.8925216276591306,0.9058945799670561,0.8945006968002815,0.8967816246715469,0.9290042356263237,0.9607524446422373,0.8184048999974038,7.504571981955472e-06,byte_statistics_only
MQTTEEB-D_flow_5s,audited_metadata_main,strict,strict_audited_metadata_main,binary,Isolation Forest,random_stratified,4794.0,1027.0,1028.0,5,42,ok,0.8881322957198443,0.8837184111407146,0.8959487018589694,0.8863425509761639,0.889006357106293,0.9286395011373441,0.9561125903109983,0.18898890000127722,6.199922179463519e-05,byte_statistics_only
MQTTEEB-D_flow_5s,audited_metadata_main,strict,strict_audited_metadata_main,binary,Logistic Regression,random_stratified,4794.0,1027.0,1028.0,4,42,ok,0.769455252918288,0.8115488960643698,0.8031022040944388,0.7692454132937054,0.7679457614253238,0.8918346536983294,0.8918987648726412,0.019443700002739206,1.7029182883051988e-06,iat_statistics_only
MQTTEEB-D_flow_5s,audited_metadata_main,strict,strict_audited_metadata_main,binary,Random Forest,random_stratified,4794.0,1027.0,1028.0,4,42,ok,0.8715953307392996,0.8739793677003015,0.8872852772766491,0.8707322277771004,0.8727050345478415,0.8969821162444114,0.9140166965583336,0.25256009999429807,2.8799319060443237e-05,iat_statistics_only
MQTTEEB-D_flow_5s,audited_metadata_main,strict,strict_audited_metadata_main,binary,Extra Trees,random_stratified,4794.0,1027.0,1028.0,4,42,ok,0.8706225680933852,0.8732231930825256,0.8864656051455015,0.8697736440310697,0.8717374201752212,0.8943152404110127,0.9108148315035174,0.1199586000002455,2.675184823814073e-05,iat_statistics_only
MQTTEEB-D_flow_5s,audited_metadata_main,strict,strict_audited_metadata_main,binary,HistGradientBoostingClassifier,random_stratified,4794.0,1027.0,1028.0,4,42,ok,0.8735408560311284,0.8750851846803871,0.888548121421288,0.8726073362312208,0.8746441067037461,0.8986626402070751,0.919005824757903,0.5315381000109483,6.063229579126086e-06,iat_statistics_only
MQTTEEB-D_flow_5s,audited_metadata_main,strict,strict_audited_metadata_main,binary,Isolation Forest,random_stratified,4794.0,1027.0,1028.0,4,42,ok,0.8764591439688716,0.8774032728800663,0.8910071378147306,0.8754834273244807,0.8775420822225363,0.8909914503098283,0.9016734965871273,0.14930180000374094,5.308073929885623e-05,iat_statistics_only
MQTTEEB-D_flow_5s,audited_metadata_main,strict,strict_audited_metadata_main,binary,Logistic Regression,random_stratified,4794.0,1027.0,1028.0,3,42,ok,0.8570038910505836,0.863429591236164,0.8753666954270923,0.8563938819437515,0.8581419677424347,0.88831084790964,0.9352786542513232,0.015476500004297122,1.6500972707824716e-06,rate_features_only
MQTTEEB-D_flow_5s,audited_metadata_main,strict,strict_audited_metadata_main,binary,Random Forest,random_stratified,4794.0,1027.0,1028.0,3,42,ok,0.892023346303502,0.8886227703884066,0.9018628912071536,0.8905567976152453,0.8929229938181467,0.9128814024629384,0.9359339008005669,0.1946128999989014,2.1974708178761896e-05,rate_features_only
MQTTEEB-D_flow_5s,audited_metadata_main,strict,strict_audited_metadata_main,binary,Extra Trees,random_stratified,4794.0,1027.0,1028.0,3,42,ok,0.8929961089494164,0.8894848645778014,0.9026825633383011,0.8915179051098252,0.8938830312531709,0.9149148952859046,0.9406628058354478,0.11669860000256449,2.3443093390887104e-05,rate_features_only
MQTTEEB-D_flow_5s,audited_metadata_main,strict,strict_audited_metadata_main,binary,HistGradientBoostingClassifier,random_stratified,4794.0,1027.0,1028.0,3,42,ok,0.8881322957198443,0.8854653343791563,0.8989607028002196,0.8867640790601667,0.8890888365704155,0.9234332104478784,0.9525901823240686,0.5568124999990687,7.068579770753283e-06,rate_features_only
MQTTEEB-D_flow_5s,audited_metadata_main,strict,strict_audited_metadata_main,binary,Isolation Forest,random_stratified,4794.0,1027.0,1028.0,3,42,ok,0.892023346303502,0.8888570832780421,0.9022393913248098,0.8906063206131752,0.8929316961049935,0.923786179308181,0.9463930639939122,0.175061400004779,7.40428015672156e-05,rate_features_only
MQTTEEB-D_flow_5s,,strict,,,,,,,,0,42,skipped_no_features,,,,,,,,,,tcp_flags_only
MQTTEEB-D_flow_5s,audited_metadata_main,strict,strict_audited_metadata_main,binary,Logistic Regression,random_stratified,4794.0,1027.0,1028.0,14,42,ok,0.8793774319066148,0.880127186009539,0.8938426543258294,0.8784035409035409,0.8804360090838689,0.9060220409443878,0.9522122441006717,0.06655319999845233,2.917217887740524e-06,all_metadata
MQTTEEB-D_flow_5s,audited_metadata_main,strict,strict_audited_metadata_main,binary,Random Forest,random_stratified,4794.0,1027.0,1028.0,14,42,ok,0.8939688715953308,0.8903502282117532,0.9035022354694486,0.8924792470898907,0.894842948784473,0.9186504823907757,0.9453167001139806,0.30781610000121873,4.106215953261588e-05,all_metadata
MQTTEEB-D_flow_5s,audited_metadata_main,strict,strict_audited_metadata_main,binary,Extra Trees,random_stratified,4794.0,1027.0,1028.0,14,42,ok,0.892023346303502,0.8888570832780421,0.9022393913248098,0.8906063206131752,0.8929316961049935,0.9215546317358222,0.9510252569785866,0.16835859999991953,3.473356030727393e-05,all_metadata
MQTTEEB-D_flow_5s,audited_metadata_main,strict,strict_audited_metadata_main,binary,HistGradientBoostingClassifier,random_stratified,4794.0,1027.0,1028.0,14,42,ok,0.8939688715953308,0.8903502282117532,0.9035022354694486,0.8924792470898907,0.894842948784473,0.927798258686956,0.9605402696153202,1.0252221999980975,6.13132294492546e-06,all_metadata
MQTTEEB-D_flow_5s,audited_metadata_main,strict,strict_audited_metadata_main,binary,Isolation Forest,random_stratified,4794.0,1027.0,1028.0,14,42,ok,0.8939688715953308,0.8905721990237687,0.9038787355871049,0.8925287472077634,0.8948523092448468,0.9276198133186916,0.9500438252774835,0.15908139999373816,6.388871594939602e-05,all_metadata
MQTTEEB-D_flow_5s,audited_metadata_main,strict,strict_audited_metadata_main,binary,Logistic Regression,random_stratified,4794.0,1027.0,1028.0,9,42,ok,0.8647859922178989,0.8692176451631248,0.8819240724762727,0.8640624301366395,0.8659147490646631,0.9057200564750177,0.9511939841913677,0.03532039999845438,1.9887159499231044e-06,all_without_byte_stats
MQTTEEB-D_flow_5s,audited_metadata_main,strict,strict_audited_metadata_main,binary,Random Forest,random_stratified,4794.0,1027.0,1028.0,9,42,ok,0.8891050583657587,0.8860558916738692,0.899403874813711,0.8876748251748252,0.8900421076977497,0.9188544199545062,0.9458294379900887,0.24857490000431426,2.620642023115303e-05,all_without_byte_stats
MQTTEEB-D_flow_5s,audited_metadata_main,strict,strict_audited_metadata_main,binary,Extra Trees,random_stratified,4794.0,1027.0,1028.0,9,42,ok,0.8900778210116731,0.8871548505694847,0.9006000470625147,0.8886847796818388,0.8910105530325189,0.9217703349282296,0.951498744632203,0.12131040000531357,2.6819941632251222e-05,all_without_byte_stats
MQTTEEB-D_flow_5s,audited_metadata_main,strict,strict_audited_metadata_main,binary,HistGradientBoostingClassifier,random_stratified,4794.0,1027.0,1028.0,9,42,ok,0.8881322957198443,0.8857355542843721,0.8993372029178759,0.8868126491795305,0.8890952810330465,0.9300180406306376,0.9610432859943889,0.7720482000004267,7.826556420589685e-06,all_without_byte_stats
MQTTEEB-D_flow_5s,audited_metadata_main,strict,strict_audited_metadata_main,binary,Isolation Forest,random_stratified,4794.0,1027.0,1028.0,9,42,ok,0.8910505836575876,0.8885201182086838,0.9021727194289748,0.8897418218034169,0.8919854135534238,0.9238136324417601,0.9411518389840786,0.16292149999935646,6.258764591238802e-05,all_without_byte_stats
MQTTEEB-D_flow_5s,audited_metadata_main,strict,strict_audited_metadata_main,binary,Logistic Regression,random_stratified,4794.0,1027.0,1028.0,10,42,ok,0.8793774319066148,0.8797465479651163,0.8934661542081732,0.8783603766599105,0.8804377660999871,0.9048572437053886,0.9510533004742611,0.03886359999887645,1.8386186773441225e-06,all_without_iat
MQTTEEB-D_flow_5s,audited_metadata_main,strict,strict_audited_metadata_main,binary,Random Forest,random_stratified,4794.0,1027.0,1028.0,10,42,ok,0.8949416342412452,0.8914346407708065,0.9046984077182524,0.893490306835101,0.8958124306849314,0.9206310298846968,0.948759068575176,0.22494310000911355,2.6633949413671837e-05,all_without_iat
MQTTEEB-D_flow_5s,audited_metadata_main,strict,strict_audited_metadata_main,binary,Extra Trees,random_stratified,4794.0,1027.0,1028.0,10,42,ok,0.8929961089494164,0.8897130202645309,0.9030590634559573,0.8915674203632318,0.8938920661983794,0.9201937406855438,0.948051918629242,0.12309709998953622,2.6183852135789933e-05,all_without_iat
MQTTEEB-D_flow_5s,audited_metadata_main,strict,strict_audited_metadata_main,binary,HistGradientBoostingClassifier,random_stratified,4794.0,1027.0,1028.0,10,42,ok,0.8959143968871596,0.8923003668840654,0.9055180798494,0.8944521049414523,0.8967724359627397,0.9281237744136795,0.9600208065096445,0.6694313000043621,5.808463041554658e-06,all_without_iat
MQTTEEB-D_flow_5s,audited_metadata_main,strict,strict_audited_metadata_main,binary,Isolation Forest,random_stratified,4794.0,1027.0,1028.0,10,42,ok,0.8929961089494164,0.8894848645778014,0.9026825633383011,0.8915179051098252,0.8938830312531709,0.9263569691740529,0.9514493909013234,0.1612079999904381,6.400671206502577e-05,all_without_iat
MQTTEEB-D_flow_5s,audited_metadata_main,strict,strict_audited_metadata_main,binary,Logistic Regression,random_stratified,4794.0,1027.0,1028.0,11,42,ok,0.8706225680933852,0.8736660466490638,0.8868421052631579,0.8698143156263003,0.8717301733260572,0.8965232567260177,0.9472642508199163,0.04482619999907911,1.8881322908421782e-06,all_without_rate
MQTTEEB-D_flow_5s,audited_metadata_main,strict,strict_audited_metadata_main,binary,Random Forest,random_stratified,4794.0,1027.0,1028.0,11,42,ok,0.8939688715953308,0.8903502282117532,0.9035022354694486,0.8924792470898907,0.894842948784473,0.9191956231861322,0.9458123135951605,0.21886069999891333,2.5989105057511262e-05,all_without_rate
MQTTEEB-D_flow_5s,audited_metadata_main,strict,strict_audited_metadata_main,binary,Extra Trees,random_stratified,4794.0,1027.0,1028.0,11,42,ok,0.892023346303502,0.8888570832780421,0.9022393913248098,0.8906063206131752,0.8929316961049935,0.9184269354459172,0.9448261618976598,0.11481579999963287,2.1680058366283848e-05,all_without_rate
MQTTEEB-D_flow_5s,audited_metadata_main,strict,strict_audited_metadata_main,binary,HistGradientBoostingClassifier,random_stratified,4794.0,1027.0,1028.0,11,42,ok,0.8949416342412452,0.8912188828172435,0.9043219076005962,0.8934408292542471,0.895802751856736,0.9287924543101419,0.9606633587627151,0.7696203999948921,6.961867702805079e-06,all_without_rate
MQTTEEB-D_flow_5s,audited_metadata_main,strict,strict_audited_metadata_main,binary,Isolation Forest,random_stratified,4794.0,1027.0,1028.0,11,42,ok,0.8929961089494164,0.8897130202645309,0.9030590634559573,0.8915674203632318,0.8938920661983794,0.9286453839516824,0.9527477713371025,0.15981969999847934,7.190836575332982e-05,all_without_rate
MQTT-IoT-IDS2020,audited_metadata_main,strict,strict_audited_metadata_main,binary,Logistic Regression,random_stratified,181565.0,38907.0,38907.0,3,42,ok,0.8356593929113013,0.9075206194304977,0.6998707138253665,0.7347566705075934,0.8087906844827605,0.9659028291797238,0.8886174256837425,0.20682000000670087,9.613694164548755e-08,packet_count_only
MQTT-IoT-IDS2020,audited_metadata_main,strict,strict_audited_metadata_main,binary,Random Forest,random_stratified,181565.0,38907.0,38907.0,3,42,ok,0.9580024160176832,0.9341082022177345,0.9695071145277725,0.9493496955416114,0.9588235124324886,0.9830007106137313,0.9218831614058145,1.5991298999870196,1.5074947954802023e-06,packet_count_only
MQTT-IoT-IDS2020,audited_metadata_main,strict,strict_audited_metadata_main,binary,Extra Trees,random_stratified,181565.0,38907.0,38907.0,3,42,ok,0.9580024160176832,0.9341082022177345,0.9695071145277725,0.9493496955416114,0.9588235124324886,0.9830007106137313,0.9218831614058145,0.511337400006596,1.4927442363421764e-06,packet_count_only
MQTT-IoT-IDS2020,audited_metadata_main,strict,strict_audited_metadata_main,binary,HistGradientBoostingClassifier,random_stratified,181565.0,38907.0,38907.0,3,42,ok,0.95787390443879,0.9339294079375466,0.9694186408752262,0.9492012141543165,0.9586998492525202,0.9829523649547305,0.9218874560774714,1.134131900005741,9.631711516637183e-07,packet_count_only
MQTT-IoT-IDS2020,audited_metadata_main,strict,strict_audited_metadata_main,binary,Isolation Forest,random_stratified,181565.0,38907.0,38907.0,3,42,ok,0.828308530598607,0.7920774991471616,0.7567692013994289,0.7709091534512145,0.8228029061307595,0.93171127981749,0.7584520125670442,0.26382510000257753,1.14932942660952e-05,packet_count_only
MQTT-IoT-IDS2020,audited_metadata_main,strict,strict_audited_metadata_main,binary,Logistic Regression,random_stratified,181565.0,38907.0,38907.0,15,42,ok,0.9826766391651888,0.9718665531169344,0.9858504760380951,0.9785381522549885,0.9828030828390035,0.9959382003644948,0.9916905104746956,1.350361899996642,5.150923996669566e-07,byte_statistics_only
MQTT-IoT-IDS2020,audited_metadata_main,strict,strict_audited_metadata_main,binary,Random Forest,random_stratified,181565.0,38907.0,38907.0,15,42,ok,0.9981751355797157,0.9976038450775219,0.9978075580922987,0.9977056401352827,0.9981753223108584,0.999977420526984,0.9999055050487851,2.015219699998852,1.5387796542149114e-06,byte_statistics_only
MQTT-IoT-IDS2020,audited_metadata_main,strict,strict_audited_metadata_main,binary,Extra Trees,random_stratified,181565.0,38907.0,38907.0,15,42,ok,0.9981751355797157,0.9976038450775219,0.9978075580922987,0.9977056401352827,0.9981753223108584,0.9999774371417544,0.9999055465179961,0.7338305000012042,3.0997789601817422e-06,byte_statistics_only
MQTT-IoT-IDS2020,audited_metadata_main,strict,strict_audited_metadata_main,binary,HistGradientBoostingClassifier,random_stratified,181565.0,38907.0,38907.0,15,42,ok,0.9981751355797157,0.9976038450775219,0.9978075580922987,0.9977056401352827,0.9981753223108584,0.9999772244726929,0.9999050136791982,2.8541221000050427,1.71353483957356e-06,byte_statistics_only
MQTT-IoT-IDS2020,audited_metadata_main,strict,strict_audited_metadata_main,binary,Isolation Forest,random_stratified,181565.0,38907.0,38907.0,15,42,ok,0.8280515074408205,0.8070934256055363,0.8816222528930884,0.8133567133802948,0.8370565612344374,0.9518314577749732,0.8610170972647918,0.4471618999959901,3.72776544066862e-05,byte_statistics_only
MQTT-IoT-IDS2020,audited_metadata_main,strict,strict_audited_metadata_main,binary,Logistic Regression,random_stratified,181565.0,38907.0,38907.0,12,42,ok,0.8357107975428586,0.9077606857340761,0.6999061032863849,0.7348124954324078,0.8088370966765724,0.9764461105736233,0.9171000115098779,0.5830983000050765,2.5967049651226313e-07,iat_statistics_only
MQTT-IoT-IDS2020,audited_metadata_main,strict,strict_audited_metadata_main,binary,Random Forest,random_stratified,181565.0,38907.0,38907.0,12,42,ok,0.9584650577016989,0.934354466953973,0.9708202429710798,0.9499716512682235,0.959300040456309,0.9829512966249919,0.9220866979005677,2.414119399996707,1.4041098002014994e-06,iat_statistics_only
MQTT-IoT-IDS2020,audited_metadata_main,strict,strict_audited_metadata_main,binary,Extra Trees,random_stratified,181565.0,38907.0,38907.0,12,42,ok,0.9584136530701416,0.9342833349536586,0.9707848535100614,0.9499122904707252,0.9592505830209732,0.9828368407944452,0.9220662596663411,0.7964734999986831,1.6217081758171435e-06,iat_statistics_only
MQTT-IoT-IDS2020,audited_metadata_main,strict,strict_audited_metadata_main,binary,HistGradientBoostingClassifier,random_stratified,181565.0,38907.0,38907.0,12,42,ok,0.9580281183334618,0.9336939693175446,0.9706657006839138,0.9494801323915665,0.9588843056281918,0.9831118468131457,0.9224281633649447,2.6948313000029884,1.2810239802218625e-06,iat_statistics_only
MQTT-IoT-IDS2020,audited_metadata_main,strict,strict_audited_metadata_main,binary,Isolation Forest,random_stratified,181565.0,38907.0,38907.0,12,42,ok,0.7901405916673092,0.7541121387237912,0.6705810999343551,0.6903635153880117,0.7699059849184651,0.9201384708197279,0.7908900336111191,0.5065509999985807,3.3441259927638956e-05,iat_statistics_only
MQTT-IoT-IDS2020,audited_metadata_main,strict,strict_audited_metadata_main,binary,Logistic Regression,random_stratified,181565.0,38907.0,38907.0,3,42,ok,0.938905595394145,0.9087664082290627,0.9579396255795024,0.9278500446171571,0.9406310743302514,0.9820056653044217,0.9196188534412432,0.4898286000097869,1.0717351629874897e-07,rate_features_only
MQTT-IoT-IDS2020,audited_metadata_main,strict,strict_audited_metadata_main,binary,Random Forest,random_stratified,181565.0,38907.0,38907.0,3,42,ok,0.9585678669648136,0.9344737397089273,0.9709495291457133,0.9500954838145892,0.9594007829304271,0.9827062619906721,0.9217114756260174,1.7914730999909807,1.378535996133515e-06,rate_features_only
MQTT-IoT-IDS2020,audited_metadata_main,strict,strict_audited_metadata_main,binary,Extra Trees,random_stratified,181565.0,38907.0,38907.0,3,42,ok,0.9584650577016989,0.9343429660469962,0.9708494965973782,0.9499742035851002,0.9593009531284875,0.9824960552381304,0.92112909629605,0.49755139999615494,1.519281877110631e-06,rate_features_only
MQTT-IoT-IDS2020,audited_metadata_main,strict,strict_audited_metadata_main,binary,HistGradientBoostingClassifier,random_stratified,181565.0,38907.0,38907.0,3,42,ok,0.9581823322281338,0.9339293599171238,0.9707133618143728,0.9496529355679685,0.9590307978756698,0.983063762006041,0.922129541963493,1.942494799994165,1.0775490269521337e-06,rate_features_only
MQTT-IoT-IDS2020,audited_metadata_main,strict,strict_audited_metadata_main,binary,Isolation Forest,random_stratified,181565.0,38907.0,38907.0,3,42,ok,0.7504305137892924,0.7615422396856582,0.8281841667551404,0.7397071503850883,0.7636157561161029,0.8480333843905229,0.6826932734334843,0.24144280000473373,3.2660829670688524e-05,rate_features_only
MQTT-IoT-IDS2020,audited_metadata_main,strict,strict_audited_metadata_main,binary,Logistic Regression,random_stratified,181565.0,38907.0,38907.0,5,42,ok,0.9380317166576708,0.9077119471254516,0.9572794974895913,0.9268701132608644,0.9397992153008363,0.9861436752304177,0.9407027470572809,0.8158543000026839,1.6144138576632483e-07,tcp_flags_only
MQTT-IoT-IDS2020,audited_metadata_main,strict,strict_audited_metadata_main,binary,Random Forest,random_stratified,181565.0,38907.0,38907.0,5,42,ok,0.9380831212892281,0.9077647599356766,0.9573733942032063,0.926934239842734,0.9398503048268386,0.9863314686576479,0.9408481981559316,1.8044821999937994,1.4587400724629414e-06,tcp_flags_only
MQTT-IoT-IDS2020,audited_metadata_main,strict,strict_audited_metadata_main,binary,Extra Trees,random_stratified,181565.0,38907.0,38907.0,5,42,ok,0.9380831212892281,0.9077647599356766,0.9573733942032063,0.926934239842734,0.9398503048268386,0.9863314686576479,0.9408481981559316,0.4814713999949163,1.3849281621184412e-06,tcp_flags_only
MQTT-IoT-IDS2020,audited_metadata_main,strict,strict_audited_metadata_main,binary,HistGradientBoostingClassifier,random_stratified,181565.0,38907.0,38907.0,5,42,ok,0.9380831212892281,0.9077647599356766,0.9573733942032063,0.926934239842734,0.9398503048268386,0.9863314686576479,0.9408481981559316,1.0109952999919187,9.585987096535337e-07,tcp_flags_only
MQTT-IoT-IDS2020,audited_metadata_main,strict,strict_audited_metadata_main,binary,Isolation Forest,random_stratified,181565.0,38907.0,38907.0,5,42,ok,0.8286426607037294,0.7924237515722296,0.7574672909168213,0.771503970090035,0.8232124880606002,0.7574552834222307,0.5452895221356596,0.2989358000049833,1.3781273292677907e-05,tcp_flags_only
MQTT-IoT-IDS2020,audited_metadata_main,strict,strict_audited_metadata_main,binary,Logistic Regression,random_stratified,181565.0,38907.0,38907.0,42,42,ok,0.995502094738736,0.9940730017684862,0.9946216393096163,0.9943468702807687,0.9955033427069361,0.9995986436366011,0.9993779739426855,4.499945400006254,1.3993240292160477e-06,all_metadata
MQTT-IoT-IDS2020,audited_metadata_main,strict,strict_audited_metadata_main,binary,Random Forest,random_stratified,181565.0,38907.0,38907.0,42,42,ok,0.9992803351581978,0.9991533324240045,0.9990364895249688,0.999094890854636,0.9992802930380902,0.9998097259875446,0.999722290163278,3.200705700000981,2.260554655900212e-06,all_metadata
MQTT-IoT-IDS2020,audited_metadata_main,strict,strict_audited_metadata_main,binary,Extra Trees,random_stratified,181565.0,38907.0,38907.0,42,42,ok,0.9992032282108618,0.9990417593185844,0.9989541517071427,0.9989979441978003,0.999203193239139,0.9997274380140299,0.9994665965835788,1.528657500006375,2.2772663017041138e-06,all_metadata
MQTT-IoT-IDS2020,audited_metadata_main,strict,strict_audited_metadata_main,binary,HistGradientBoostingClassifier,random_stratified,181565.0,38907.0,38907.0,42,42,ok,0.9991261212635258,0.9988428575900221,0.9989595747682115,0.9989011960770071,0.9991261723741742,0.9999959991632801,0.999989450156995,5.550690599993686,2.0209602385125114e-06,all_metadata
MQTT-IoT-IDS2020,audited_metadata_main,strict,strict_audited_metadata_main,binary,Isolation Forest,random_stratified,181565.0,38907.0,38907.0,42,42,ok,0.9046958130927597,0.8708733806936899,0.934387939271685,0.8907540769773805,0.9084152143098131,0.961927843381199,0.8495094240253964,1.2370188000058988,7.90627187909003e-05,all_metadata
MQTT-IoT-IDS2020,audited_metadata_main,strict,strict_audited_metadata_main,binary,Logistic Regression,random_stratified,181565.0,38907.0,38907.0,27,42,ok,0.9917238543192741,0.9884321144270775,0.9908211152465275,0.9896179140331187,0.991733949564611,0.9996878416931381,0.999253994824743,2.4476589000114473,5.598606934477616e-07,all_without_byte_stats
MQTT-IoT-IDS2020,audited_metadata_main,strict,strict_audited_metadata_main,binary,Random Forest,random_stratified,181565.0,38907.0,38907.0,27,42,ok,0.9992032282108618,0.9990709358871372,0.9989248980808445,0.9989978855483693,0.9992031699146255,0.9999798030850638,0.9998988447085136,2.592776599994977,1.3835865011172116e-06,all_without_byte_stats
MQTT-IoT-IDS2020,audited_metadata_main,strict,strict_audited_metadata_main,binary,Extra Trees,random_stratified,181565.0,38907.0,38907.0,27,42,ok,0.9990747166319686,0.9988073169932671,0.9988656780545965,0.9988364924980593,0.9990747436952043,0.9999792614435478,0.9998972716245345,1.0102341000019806,1.5663376772091116e-06,all_without_byte_stats
MQTT-IoT-IDS2020,audited_metadata_main,strict,strict_audited_metadata_main,binary,HistGradientBoostingClassifier,random_stratified,181565.0,38907.0,38907.0,27,42,ok,0.9987148842110675,0.998065424079177,0.9987057127063617,0.998384961573783,0.9987152969661439,0.9999919235600934,0.9999783119883193,3.8355090000113705,1.7095124271950378e-06,all_without_byte_stats
MQTT-IoT-IDS2020,audited_metadata_main,strict,strict_audited_metadata_main,binary,Isolation Forest,random_stratified,181565.0,38907.0,38907.0,27,42,ok,0.9082170303544349,0.8744462414738767,0.9368121173514528,0.8944846118625338,0.9117107939932622,0.9548552064293845,0.8398005360391765,0.5749931000027573,4.271749299602134e-05,all_without_byte_stats
MQTT-IoT-IDS2020,audited_metadata_main,strict,strict_audited_metadata_main,binary,Logistic Regression,random_stratified,181565.0,38907.0,38907.0,30,42,ok,0.9953735831598427,0.9938406726153582,0.9945331656570702,0.9941862011523297,0.9953752038825965,0.9995939217188445,0.9993679524481669,2.4668699000030756,5.790243401467957e-07,all_without_iat
MQTT-IoT-IDS2020,audited_metadata_main,strict,strict_audited_metadata_main,binary,Random Forest,random_stratified,181565.0,38907.0,38907.0,30,42,ok,0.9992546328424191,0.9991064137560952,0.9990187947944595,0.9990625929592325,0.9992546001269363,0.9995686124390465,0.9991685834577451,2.2186551000049803,1.5032025086011376e-06,all_without_iat
MQTT-IoT-IDS2020,audited_metadata_main,strict,strict_audited_metadata_main,binary,Extra Trees,random_stratified,181565.0,38907.0,38907.0,30,42,ok,0.9992032282108618,0.9990417593185844,0.9989541517071427,0.9989979441978003,0.999203193239139,0.999551218435882,0.999074964995344,0.988978399996995,1.516567712842421e-06,all_without_iat
MQTT-IoT-IDS2020,audited_metadata_main,strict,strict_audited_metadata_main,binary,HistGradientBoostingClassifier,random_stratified,181565.0,38907.0,38907.0,30,42,ok,0.9988690981057393,0.998403689558951,0.9987533738368206,0.998578350969638,0.9988692963987562,0.999991679322968,0.99997832340945,3.461841500000446,1.5449970442437677e-06,all_without_iat
MQTT-IoT-IDS2020,audited_metadata_main,strict,strict_audited_metadata_main,binary,Isolation Forest,random_stratified,181565.0,38907.0,38907.0,30,42,ok,0.8391806101729766,0.8149583012953214,0.8892840712035956,0.8242216420668851,0.8474271532073214,0.9561649371521387,0.8271843456068034,0.5254540000023553,4.4879497262774145e-05,all_without_iat
MQTT-IoT-IDS2020,audited_metadata_main,strict,strict_audited_metadata_main,binary,Logistic Regression,random_stratified,181565.0,38907.0,38907.0,39,42,ok,0.995502094738736,0.9940730017684862,0.9946216393096163,0.9943468702807687,0.9955033427069361,0.9995978992948857,0.999377033539939,2.6222987999935867,7.951962372213328e-07,all_without_rate
MQTT-IoT-IDS2020,audited_metadata_main,strict,strict_audited_metadata_main,binary,Random Forest,random_stratified,181565.0,38907.0,38907.0,39,42,ok,0.9992546328424191,0.9991355978958081,0.9989895411681613,0.9990625380936359,0.9992545783072304,0.9998679474660895,0.9996682925782713,2.736273800008348,2.5313028507101005e-06,all_without_rate
MQTT-IoT-IDS2020,audited_metadata_main,strict,strict_audited_metadata_main,binary,Extra Trees,random_stratified,181565.0,38907.0,38907.0,39,42,ok,0.9991775258950831,0.9990240159786958,0.9989072033503352,0.9989655895481553,0.9991774777578173,0.9998389729679347,0.9996958215347604,1.2330102999985684,1.7454673963615352e-06,all_without_rate
MQTT-IoT-IDS2020,audited_metadata_main,strict,strict_audited_metadata_main,binary,HistGradientBoostingClassifier,random_stratified,181565.0,38907.0,38907.0,39,42,ok,0.9990233120004113,0.9986555021873712,0.9988887958461745,0.998772068647255,0.9990234262084244,0.9999948593900286,0.9999865018098002,4.365310199995292,1.7859896677839553e-06,all_without_rate
MQTT-IoT-IDS2020,audited_metadata_main,strict,strict_audited_metadata_main,binary,Isolation Forest,random_stratified,181565.0,38907.0,38907.0,39,42,ok,0.9026396278304675,0.8688183958997091,0.9329723608309446,0.8885841830686869,0.9064924409687282,0.9560841445079628,0.8258152206771304,0.6777822000003653,4.8364597630271415e-05,all_without_rate
